{
  "auc": 0.6426139601139602,
  "ndcg@5": 0.22093023283013208,
  "ndcg@10": 0.22093023283013208,
  "recall@5": 0.22093023283013208,
  "recall@10": 0.22093023283013208,
  "model_baseline": {
    "auc": 0.4243447293447294,
    "ndcg@5": 0.05813953477290916,
    "ndcg@10": 0.05813953477290916,
    "recall@5": 0.05813953477290916,
    "recall@10": 0.05813953477290916
  },
  "popularity_baseline": {
    "ndcg@5": 0.036681962347030764,
    "ndcg@10": 0.07602503625341908,
    "recall@5": 0.05813953477290916,
    "recall@10": 0.18604651144657863
  },
  "random_baseline": {
    "ndcg@5": 0.013150346142652493,
    "ndcg@10": 0.0166506949749307,
    "recall@5": 0.023255814255702296,
    "recall@10": 0.034883721383553445
  }
}